{"bow_log_reg_sklearn_train": 0.9977685523449276, "bow_log_reg_sklearn_test": 0.8632912603519866, "bow_nn_torch_train": 0.996549519271382, "bow_nn_torch_test": 0.871374969964697, "bow_k_vary": [0.6853246150316771, 0.8132456501814077, 0.8462284901022123, 0.855795209790476, 0.8619550291328848, 0.8634630459765741, 0.8666987043232353, 0.8668715771986113, 0.8734527062215752], "tf_idf_nn_torch_train": 0.9926221649867093, "tf_idf_nn_torch_test": 0.8794467198187337, "tf_idf_k_vary": [0.6946635556797438, 0.8191483347123298, 0.8476522450097908, 0.8598033598223866, 0.8638957717904086, 0.8694722810847718, 0.8679990562663156, 0.8720414546980649, 0.8735864380685643], "bow_nb_sklearn_train": 0.9734988140675616, "bow_nb_sklearn_test": 0.8734907599991737, "tf_idf_nb_sklearn_train": 0.9801147734465904, "tf_idf_nb_sklearn_test": 0.8831096677252865, "emb_nn_torch_train": 0.9053291381283891, "emb_nn_torch_test": 0.8804502522965454}